nome,endereco,ein,telefone,email,motivo
A & L INCOME TAX SERVICES CORPORATION,"621 SE 1 PLACE, HIALEAH, FL 33010",47-1960837,+1 850-391-7659,allandricardo0730@yahoo.com,sem documento digitalizado no Sunbiz
ACCOUNTANT & BUSINESS CONSULTANTS INC,"300 ARAGON AVENUE, CORAL GABLES, FL 33134",27-2224499,+1 754-400-0414,info@dccaccounting.com,sem documento digitalizado no Sunbiz
"ACCOUNTING & BEYOND, LLC","7121 N. HABANA AVE., Tampa, FL 33614",26-0347391,+1 352-362-8792,ACCOUNTINGANDBEYOND@GMAIL.COM,sem documento digitalizado no Sunbiz
ACCOUNTING ONE GROUP CORP,"12001 SW 128TH COURT, MIAMI, FL 33186",47-2204839,+1 561-489-3555,DARIOBOVEA@AOL.COM,sem documento digitalizado no Sunbiz
"AFFORDABLE ACCOUNTING & TAX, INC.","4645 GULF BREEZE PARKWAY, GULF BREEZE, FL 32563",20-2128904,+1 941-900-4883,tracytax@msn.com,sem documento digitalizado no Sunbiz
BOOKKEEPING SOLUTIONS OF SOUTH  FLORIDA INC.,"6810 N State Road 7, Deerfield Beach, FL 33442",83-3380895,+1 954-200-3234,laura@bookkeepingsolutionsfl.com,sem documento digitalizado no Sunbiz
"DIMARCO & ASSOCIATES, CERTIFIED PUBLIC ACCOUNTANTS, LLC","220 PINE AVE N, OLDSMAR, FL 34677",33-1969561,+1 305-707-8007,eric@taxartist.com,sem documento digitalizado no Sunbiz
ERL BOOKKEEPING LLC,"8130 HELMSLEY BLVD, JACKSONVILLE, FL 32219",39-4950558,+1 813-288-0434,florderhub@gmail.com,sem documento digitalizado no Sunbiz
EVERGLADES BOOKKEEPING LLC,"1500 CALMING WATER DR, FLEMING ISLAND, FL 32003",41-2431372,+1 954-361-4708,kristianbarnett2018@gmail.com,sem documento digitalizado no Sunbiz
FCS GLOBAL ACCOUNTING SERVICES LLC,"14715 SW 84TH LN, MIAMI, FL 33193",39-4385904,+1 813-898-0489,florapena0812@gmail.com,sem documento digitalizado no Sunbiz
FRANCO AMERICAN ACCOUNTING BUREAU LLC,"3926 NE 168TH ST, NORTH MIAMI BEACH, FL 33160",81-1323573,+1 561-766-1824,veronique@faabureau.com,sem documento digitalizado no Sunbiz
MILLENDER ACCOUNTING & TAX PREPARATION INC,"3038 Crawfordville Hwy, Crawfordville, FL 32327",45-4216897,+1 850-696-0877,MILLENDERTAX@GMAIL.COM,sem documento digitalizado no Sunbiz
MYA BOOKKEEPING SERVICES LLC,"401 N. Rosemary Ave, West Palm Beach, FL 33401",87-1362103,+1 954-894-2003,marsha@myabookkeepingservices.com,sem documento digitalizado no Sunbiz
PRIME CPA GROUP LLC,"7777 N Davie Rd Ext, HOLLYWOOD, FL 33024",39-4985272,+1 954-980-4166,cpa@mitaxusa.com,sem documento digitalizado no Sunbiz
RK CPA LLC,"17001 SW 64TH COURT, SOUTHWEST RANCHES, FL 33331",84-2699412,+1 954-712-7000,rkubatcpa@gmail.com,sem documento digitalizado no Sunbiz
THE BEST BOOKKEEPING LLC,"1316 EAST FORT KING STREET, OCALA, FL 34471",41-3893771,+1 808-234-4824,THEBESTBOOKKEEPING@OUTLOOK.COM,sem documento digitalizado no Sunbiz
TTB CPA LLC,"2115 10th Street N, ST PETERSBURG, FL 33704",83-0521263,+1 321-284-7496,trishabonilla@ttbcpa.com,sem documento digitalizado no Sunbiz
WATSON TAX SERVICES LLC,"2598 E. SUNRISE BLVD, FT LAUDERDALE, FL 33304",82-4310456,+1 850-668-2228,WATSONTAXSERVICES@GMAIL.COM,sem documento digitalizado no Sunbiz
